{
    "metadata": {
        "created_at": "2026-01-10T17:53:50.307292",
        "source_folder": "C:\\Users\\natal\\coding\\HACKATHONS\\deltahacks2026\\back-end\\baseline_images",
        "num_images_processed": 9,
        "processed_files": [
            "WIN_20260110_14_42_12_Pro.jpg",
            "WIN_20260110_14_42_13_Pro.jpg",
            "WIN_20260110_14_42_32_Pro.jpg",
            "WIN_20260110_14_42_35_Pro.jpg",
            "WIN_20260110_14_42_37_Pro.jpg",
            "WIN_20260110_14_42_41_Pro.jpg",
            "WIN_20260110_14_42_43_Pro.jpg",
            "WIN_20260110_14_42_46_Pro.jpg",
            "baggyHansen.jpg"
        ],
        "aggregate_method": "average"
    },
    "baseline_landmarks": {
        "left_arm": {
            "shoulder": {
                "x": 0.5733112373737375,
                "y": 0.4667508417508417,
                "visibility": 0.9996530148718092,
                "std_x": 0.035750501277150036,
                "std_y": 0.041952645772313515
            },
            "elbow": {
                "x": 0.6573153409090908,
                "y": 0.6676136363636364,
                "visibility": 0.9493039771914482,
                "std_x": 0.054081719931533614,
                "std_y": 0.027588817230722016
            },
            "wrist": {
                "x": 0.6658775252525252,
                "y": 0.43869248035914704,
                "visibility": 0.9711199137899611,
                "std_x": 0.08763394973745851,
                "std_y": 0.07363723037846504
            }
        },
        "right_arm": {
            "shoulder": {
                "x": 0.41524621212121215,
                "y": 0.46233164983164987,
                "visibility": 0.9997972249984741,
                "std_x": 0.03334456325554345,
                "std_y": 0.03968076322054541
            },
            "elbow": {
                "x": 0.30894886363636365,
                "y": 0.6712662337662338,
                "visibility": 0.8571389062064034,
                "std_x": 0.04406680812209637,
                "std_y": 0.046200876316947415
            },
            "wrist": {
                "x": 0.38537720959595956,
                "y": 0.5819304152637486,
                "visibility": 0.9788787298732333,
                "std_x": 0.07833380358592051,
                "std_y": 0.04476023237545385
            }
        }
    },
    "baseline_angles": {
        "left_arm": {
            "elbow_angle": {
                "value": 33.36220755820515,
                "std": 12.367350365173328
            },
            "shoulder_angle": {
                "value": 21.021003132313155,
                "std": 12.709347831370312
            }
        },
        "right_arm": {
            "elbow_angle": {
                "value": 27.734147106518684,
                "std": 14.156670918409018
            },
            "shoulder_angle": {
                "value": -25.646103291885463,
                "std": 12.399580434061747
            }
        }
    },
    "individual_samples": [
        {
            "landmarks": {
                "left_arm": {
                    "shoulder": {
                        "x": 0.49573863636363635,
                        "y": 0.48169191919191917,
                        "visibility": 0.9991156458854675
                    },
                    "wrist": {
                        "x": 0.6455965909090909,
                        "y": 0.5082070707070707,
                        "visibility": 0.8367344737052917
                    }
                },
                "right_arm": {
                    "shoulder": {
                        "x": 0.3835227272727273,
                        "y": 0.45075757575757575,
                        "visibility": 0.9996811151504517
                    },
                    "elbow": {
                        "x": 0.3544034090909091,
                        "y": 0.6294191919191919,
                        "visibility": 0.9823639392852783
                    },
                    "wrist": {
                        "x": 0.5184659090909091,
                        "y": 0.5170454545454546,
                        "visibility": 0.991058349609375
                    }
                }
            },
            "angles": {
                "right_arm": {
                    "elbow_angle": 46.335526959643126,
                    "shoulder_angle": -9.25700602417066
                }
            }
        },
        {
            "landmarks": {
                "left_arm": {
                    "shoulder": {
                        "x": 0.5646306818181818,
                        "y": 0.49747474747474746,
                        "visibility": 0.9997983574867249
                    },
                    "elbow": {
                        "x": 0.6722301136363636,
                        "y": 0.6382575757575758,
                        "visibility": 0.9587663412094116
                    },
                    "wrist": {
                        "x": 0.7354403409090909,
                        "y": 0.41603535353535354,
                        "visibility": 0.9974499344825745
                    }
                },
                "right_arm": {
                    "shoulder": {
                        "x": 0.3817471590909091,
                        "y": 0.48042929292929293,
                        "visibility": 0.9996862411499023
                    },
                    "elbow": {
                        "x": 0.2549715909090909,
                        "y": 0.6382575757575758,
                        "visibility": 0.7093613147735596
                    },
                    "wrist": {
                        "x": 0.37073863636363635,
                        "y": 0.5460858585858586,
                        "visibility": 0.9851220846176147
                    }
                }
            },
            "angles": {
                "left_arm": {
                    "elbow_angle": 53.26968836748261,
                    "shoulder_angle": 37.390452467762636
                },
                "right_arm": {
                    "elbow_angle": 12.709115320099508,
                    "shoulder_angle": -38.77317184865262
                }
            }
        },
        {
            "landmarks": {
                "left_arm": {
                    "shoulder": {
                        "x": 0.5919744318181818,
                        "y": 0.48863636363636365,
                        "visibility": 0.999819815158844
                    },
                    "elbow": {
                        "x": 0.6502130681818182,
                        "y": 0.6824494949494949,
                        "visibility": 0.9529111385345459
                    },
                    "wrist": {
                        "x": 0.6661931818181818,
                        "y": 0.4715909090909091,
                        "visibility": 0.9968499541282654
                    }
                },
                "right_arm": {
                    "shoulder": {
                        "x": 0.4375,
                        "y": 0.49873737373737376,
                        "visibility": 0.9999483823776245
                    },
                    "elbow": {
                        "x": 0.3575994318181818,
                        "y": 0.6893939393939394,
                        "visibility": 0.912118136882782
                    },
                    "wrist": {
                        "x": 0.37464488636363635,
                        "y": 0.6085858585858586,
                        "visibility": 0.9993458390235901
                    }
                }
            },
            "angles": {
                "left_arm": {
                    "elbow_angle": 21.06232994977119,
                    "shoulder_angle": 16.72492397210222
                },
                "right_arm": {
                    "elbow_angle": 10.843956442910626,